{"coconut": 0.05739166388833648, "banana": 0.052894948432125555, "pear": 0.052894948432125555, "apple": 0.05439229681862769, "peach": 0.05139915250664415}